tree_id,season,sample_id,prior_dice,prior_iou,rgb_dice,rgb_iou,rgb_dice_improvement_over_prior,rgbd_dice,rgbd_iou,rgbd_dice_improvement_over_prior,rgb_prediction_to_prior_similarity,rgbd_prediction_to_prior_similarity
R01N02,Summer,12-40-59,0.37239144527722673,0.22879668716820922,0.40219249134188767,0.2517152342861147,0.02980104606466094,0.35609632449398754,0.21661629561360535,-0.016295120783239192,0.7369015675875864,0.7184700637590737
R01N11,Summer,12-42-17,0.22024913866815204,0.12375279232138849,0.24358974363422786,0.13868613144453987,0.023340604966075817,0.2322871434490031,0.13140547269083297,0.012038004780851042,0.7112591359186207,0.7521375016550998
R01N16,Summer,12-43-4,0.4541262947240811,0.29376675029880117,0.377986396122436,0.23303528112337732,-0.0761398986016451,0.4003704107527852,0.2502894504358585,-0.05375588397129594,0.7222370173225816,0.6845317979269868
R01N35,Summer,12-45-20,0.31302922703407343,0.18555699488458896,0.2854899497861448,0.16651401360648996,-0.02753927724792865,0.2864116305360847,0.167141441716179,-0.026617596497988727,0.7542001158754366,0.739637793310484
R01N42,Summer,12-46-12,0.2799240025788522,0.1627393225947909,0.319268220754248,0.1899578652254243,0.039344218175395795,0.34481955766328176,0.2083274722739958,0.06489555508442957,0.7345764824440546,0.7287637466946927
R01N43,Summer,12-46-17,0.39851533506553916,0.24884118083688367,0.3834798827933131,0.23722555553258878,-0.01503545227222608,0.354854239135873,0.21569775008351555,-0.04366109592966616,0.7743359003299154,0.7461378233055833
R02N06,Summer,12-49-39,0.39705783120338367,0.24770564963814887,0.3717125959876864,0.2282843895495916,-0.02534523521569726,0.3946521416566816,0.24583590382126494,-0.002405689546702061,0.6826427987256319,0.7305042056869028
R02N14,Summer,12-51-3,0.2152436595926674,0.12060114581351082,0.23422765716163363,0.13264884239714383,0.018983997568966238,0.2746444926925377,0.15918139280860644,0.05940083309987032,0.7131540249649849,0.6266478342925307
R02N20,Summer,12-52-6,0.5995880005407759,0.4281511446696561,0.505545956217293,0.3382813666016499,-0.09404204432348284,0.5295254007450778,0.3601050987530106,-0.07006259979569807,0.7100800434264876,0.7540407288422705
R02N22,Summer,12-52-21,0.4783927729064658,0.31439964560793976,0.4388554559192202,0.2811113536052723,-0.03953731698724561,0.45870182776123164,0.2976074558841558,-0.019690945145234173,0.7347356250395902,0.7489162771037434
R02N26,Summer,12-52-50,0.29043872521066555,0.16989079569657636,0.30947434036414534,0.18306397104510144,0.01903561515347979,0.390459166607616,0.2425904074933997,0.10002044139695043,0.7425709515967207,0.6685537372990468
R02N28,Summer,12-52-59,0.5425197400920607,0.3722312782268452,0.44820438122874084,0.28882951842812987,-0.09431535886331988,0.41740495685671164,0.2637471655850519,-0.12511478323534908,0.7798141455954305,0.7370958715512034
R02N33,Summer,12-53-29,0.4026098901509197,0.2520423080873641,0.37077551964011884,0.2275779207557016,-0.03183437051080085,0.3523166580490268,0.21382546580656775,-0.050293232101892904,0.6927825893984996,0.6828313387158949
R03N01,Summer,12-56-57,0.37697107969019855,0.23226393259200726,0.32045675417149805,0.19079994219652827,-0.0565143255187005,0.3448986602917154,0.20838522213862007,-0.032072419398483154,0.7319321013903263,0.7642013561559028
R03N04,Summer,12-57-22,0.5160225553901786,0.34772937911513163,0.4516249533400806,0.2916767189954421,-0.06439760205009798,0.37280783296939907,0.2291111280958861,-0.14321472242077954,0.7487044191204794,0.6727383691060167
R03N13,Summer,12-58-37,0.4583837569276332,0.2973397296731496,0.4294588460500861,0.27344641368574985,-0.028924910877547116,0.4202339048813311,0.2660102063346503,-0.03814985204630211,0.7187355149847624,0.7558585048669759
R03N16,Summer,12-58-57,0.31508589002639625,0.18700412573889208,0.35609281986659624,0.21661370192767615,0.04100692984019999,0.3594532261146733,0.21910574686468895,0.04436733608827703,0.7085396331537446,0.7268448628129454
R03N17,Summer,12-59-1,0.42918566778962963,0.27322495029253274,0.35188178253567987,0.21350518357988896,-0.07730388525394977,0.33129584355484437,0.19853479858372802,-0.09788982423478526,0.7260147601602391,0.7140236785178413
R03N23,Summer,12-59-44,0.5599250936623913,0.38881664505026786,0.4676105172223282,0.305151218092982,-0.09231457644006308,0.4326606712309355,0.2760478623416102,-0.1272644224314558,0.7527086450087171,0.7113527620830208
R03N25,Summer,12-59-58,0.4154184142590095,0.2621628435205308,0.3918641750574371,0.24367604341786464,-0.023554239201572402,0.4182985204842092,0.2644611046657637,0.0028801062251996856,0.7444349507692389,0.7492305691729494
R03N27,Summer,13-0-7,0.23485591065576317,0.13305197696334578,0.2828294036458902,0.1647066425972663,0.04797349299012704,0.25413111571151686,0.14556139813513383,0.019275205055753697,0.7658284287602181,0.7860913572799576
R03N28,Summer,13-0-16,0.5932293044437167,0.42169580753697167,0.5267815007357963,0.3575718748011875,-0.06644780370792036,0.49462622405692463,0.3285736951191041,-0.09860308038679205,0.710504318765185,0.6764181903574112
R03N31,Summer,13-0-42,0.3273650271436259,0.19571815280159804,0.35354231258734975,0.21472906065871195,0.02617728544372383,0.3756100121018203,0.2312314252984086,0.0482449849581944,0.7574400142033335,0.699743653365594
R04N03,Summer,13-4-13,0.3413700184838059,0.20581445068783116,0.3428080167995912,0.20686077432028657,0.0014379983157853382,0.3734613898894154,0.22960499530137063,0.032091371405609526,0.7456535205556203,0.6366510686886451
R04N17,Summer,13-6-43,0.3144511937198438,0.18655715729244407,0.3290122330150927,0.19689685320535424,0.014561039295248879,0.4186930091553513,0.2647765497945878,0.10424181543550748,0.7672778561459903,0.6458294283202517
R04N21,Summer,13-7-26,0.31959798999533684,0.19019138762438664,0.39123159307277827,0.24318701898320594,0.07163360307744143,0.36820872848702213,0.22564695310950703,0.04861073849168529,0.6490818618323536,0.7240656946654908
R05N01,Summer,13-9-37,0.365313145260474,0.22347591788283294,0.3768430678147878,0.23216674887457453,0.011529922554313843,0.36251902805646286,0.2213882385882531,-0.002794117204011126,0.7576960395273133,0.6382403002820128
R05N26,Summer,13-12-21,0.47877133109359926,0.3147267343341356,0.4722482435906178,0.3091132061539731,-0.006523087502981473,0.4957633979439925,0.329578071230656,0.016992066850393228,0.7340079508613115,0.740640237450047
R05N29,Summer,13-12-42,0.25271758960730156,0.14463465560378835,0.25883957615891096,0.14865923476055082,0.006121986551609393,0.2877466728265405,0.16805146079013322,0.03502908321923892,0.7187263078201698,0.6698817805612274
R06N02,Summer,13-15-26,0.3338048090972045,0.20033955863850433,0.4092518003533961,0.2572700069625359,0.07544699125619159,0.3733317655727361,0.2295070117659746,0.039526956475531616,0.7245940221358158,0.7605633802926394
R06N07,Summer,13-16-10,0.23023540623008332,0.13009380292710335,0.3447417548634262,0.20827067675125782,0.11450634863334286,0.29105956409307265,0.17031580388989045,0.060824157862989336,0.7304298320651661,0.7700081205553547
R06N12,Summer,13-16-44,0.3833219412588297,0.23710468465777906,0.36845077496590006,0.22582878246090077,-0.014871166292929616,0.4049262256422581,0.2538604998691637,0.02160428438342843,0.7348784086168144,0.7237250959731436
R06N20,Summer,13-17-30,0.4409048320545506,0.28279532973190286,0.39739854321553597,0.2479709110286364,-0.04350628883901464,0.3819469955716638,0.23605345100959693,-0.05895783648288683,0.7695130086820583,0.684999370263865
R06N24,Summer,13-18-1,0.49003849534071464,0.3245370785110889,0.447369974647419,0.2881368821834116,-0.04266852069329563,0.45932309090882006,0.29813070361362004,-0.030715404431894577,0.7048264493220613,0.7056526754944692
R06N31,Summer,13-18-39,0.4502098961220694,0.29049733576460945,0.39784237342536155,0.24831662432677565,-0.05236752269670786,0.2794273595291926,0.16240369804854213,-0.1707825365928768,0.7010064044052604,0.6042854171165265
R07N05,Summer,13-21-19,0.5730504122467192,0.4015912105132041,0.5086331350979596,0.3410516534236001,-0.06441727714875956,0.5110447761459406,0.3432237370166054,-0.06200563610077858,0.7535658042855539,0.7604680066960756
R07N14,Summer,13-22-2,0.454342381408357,0.29394762202908403,0.4049487025102626,0.25387816880409547,-0.04939367889809437,0.42651462799893375,0.2710636117948127,-0.027827753409423228,0.7331070083368317,0.7392922814845364
R09N11,Summer,13-31-57,0.3363469513060739,0.20217373545785944,0.3909788776335775,0.2429917620314709,0.05463192632750363,0.4127416831029965,0.2600343490070584,0.07639473179692263,0.6493376463474532,0.5866795678283068
R09N13,Summer,13-32-3,0.6107449570860299,0.43962047158907225,0.5129657877798559,0.34495896839500595,-0.09777916930617403,0.4708467474336529,0.307913380610352,-0.13989820965237704,0.7485786207304987,0.7175723592101273
R09N14,Summer,13-32-7,0.16928494046795198,0.09246930025947113,0.2752393709740914,0.15958120007135815,0.10595443050613942,0.32469831057523746,0.19381482909503042,0.15541337010728548,0.7301852958864242,0.6528431497412186
R09N16,Summer,13-32-24,0.46348626251625097,0.301647978312806,0.41256969085592654,0.25989782891060675,-0.05091657166032443,0.39042250809893425,0.24256210719888882,-0.07306375441731672,0.7705387135665185,0.7097852028755057
R09N18,Summer,13-32-31,0.1757886223257085,0.09636417387700531,0.1973691275598728,0.10948948596476503,0.0215805052341643,0.21204846188308588,0.11859855114173129,0.03625983955737738,0.7668014471263332,0.7248145384432284
R09N25,Summer,13-33-0,0.19743188229267572,0.1095281118139184,0.3464558630120445,0.2095232024981181,0.1490239807193688,0.30973497773236763,0.18324639846105026,0.11230309543969191,0.637700299364426,0.6801193191928356
R09N26,Summer,13-33-4,0.4201465940810876,0.26594024012378137,0.41164474358052183,0.2591641523233508,-0.008501850500565789,0.4554212842091986,0.2948514566415596,0.035274690128110964,0.729600392665156,0.6397858898016942
R09N29,Summer,13-33-16,0.3805523036030196,0.2349889437629708,0.40164943381329093,0.2512899499999006,0.02109713021027132,0.38709323987142036,0.2399972828449156,0.006540936268400743,0.7355013297375309,0.71385298008815
R10N01,Summer,13-36-11,0.47023730614674286,0.3073923217516776,0.4547069272043304,0.29425287361093627,-0.015530378942412437,0.45370121855957374,0.29341109495984097,-0.016536087587169124,0.7434559380631489,0.7245042797658177
R10N05,Summer,13-36-26,0.5293012772646318,0.3598978289178461,0.4828168063736534,0.31823237196424464,-0.04648447089097846,0.5142947235907981,0.34616200924328533,-0.015006553673833745,0.7482917305932092,0.7815657675168454
R10N06,Summer,13-36-30,0.3146142532882328,0.18667195563770947,0.27548832781827726,0.1597486014807826,-0.039125925469955525,0.26696019933567233,0.15404158593608064,-0.04765405395256045,0.7423398328810428,0.7487845881344548
R10N08,Summer,13-36-37,0.2636319879485916,0.15182955812198404,0.2732474964667831,0.15824357917990584,0.009615508518191485,0.2842198060955498,0.16565047618239018,0.020587818146958203,0.7667623866280705,0.7814049959517808
R10N18,Summer,13-37-38,0.4717093508390107,0.3086515978774875,0.4192945706041276,0.2652578797087924,-0.05241478023488311,0.37844221378611614,0.2333818856439763,-0.09326713705289458,0.7205499146499887,0.7251119531637482
R10N19,Summer,13-37-41,0.4124983237620693,0.25984118945262363,0.46400000003176295,0.3020833333871849,0.05150167626969365,0.46307543852738403,0.301300044371303,0.050577114765314735,0.7202658420768788,0.7517515284148444
R10N22,Summer,13-38-2,0.2995012994802626,0.17612556801518994,0.22848521428916804,0.12897731149901362,-0.07101608519109456,0.2909030323619403,0.1702086177181901,-0.00859826711832229,0.6719905622001002,0.6486900958616106
R11N05,Summer,13-41-20,0.10834573250991845,0.057275652552214826,0.17058887326913627,0.09324796970222017,0.062243140759217816,0.15882257808190076,0.08626141958970125,0.0504768455719823,0.7354678537909654,0.6337722101651637
R11N09,Summer,13-41-46,0.361540103952634,0.22065850063238132,0.2975789816905016,0.1747975257206302,-0.06396112226213235,0.2987027765533283,0.17557354028656452,-0.0628373273993057,0.7476845122005364,0.6685893848879261
R11N15,Summer,13-42-22,0.45636129734874664,0.2956399684800737,0.42867765525909796,0.2728133134101417,-0.027683642089648686,0.44572825244718767,0.2867762688143834,-0.010633044901558975,0.7443890866076209,0.7387418806513474
R12N03,Summer,13-45-36,0.3613400691730032,0.22050949219369548,0.4388110150393274,0.2810748854253009,0.07747094586632419,0.4544598975502217,0.294046008166844,0.0931198283772185,0.7481033091304236,0.7287708088225673
R12N20,Summer,13-46-34,0.42926022872094916,0.2732853885920641,0.4711979508267589,0.3082138404529135,0.04193772210580976,0.44738786882795817,0.28815172823021734,0.018127640107009013,0.7669624573484887,0.7797532815409037
R12N26,Summer,13-47-0,0.4467336028526057,0.2876091337065472,0.49809840744603645,0.3316451690012151,0.051364804593430735,0.43178986713913053,0.27533929167326454,-0.014943735713475181,0.7000377429845236,0.723087339212801
R13N27,Summer,13-51-43,0.3137940306995299,0.18609472179986486,0.31880319838437954,0.189628720516132,0.005009167684849658,0.28657877678373794,0.16725529773163123,-0.027215253915791937,0.7538302705036618,0.6818064958573226
R13N30,Summer,13-51-55,0.3938448742362345,0.2452097359532876,0.346926993158719,0.20986791978601294,-0.04691788107751549,0.39033313012636034,0.2424931129998283,-0.0035117441098741486,0.7499589018679123,0.7404802744536673
R14N19,Summer,13-59-55,0.4045127090251113,0.25353552570680393,0.38435437106642273,0.23789521924256182,-0.020158337958688544,0.45148394915496765,0.2915591019876743,0.04697124012985637,0.6934578557759795,0.6889591666036202
R14N24,Summer,14-0-12,0.2789003927683755,0.16204779296697247,0.26631305601048055,0.15361081017568928,-0.012587336757894974,0.29531426121543053,0.17323677587070296,0.016413868447055002,0.7493277311029695,0.6749136939143962
R15N08,Summer,14-2-55,0.35827512094584396,0.21823091406446027,0.40894005396137006,0.2570236621304332,0.050664933015526104,0.37895481656833346,0.2337719025233041,0.020679695622489502,0.723093519221513,0.610632417508916
R15N13,Summer,14-3-30,0.3378516450284142,0.20326202776794836,0.362153721626155,0.22111581926404547,0.024302076597740807,0.42611222896120543,0.2707386364154305,0.08826058393279124,0.721634701571893,0.7368329188053919
R15N28,Summer,14-4-42,0.3528384279910757,0.2142099682507374,0.35328966110206267,0.2145426871997687,0.0004512331109869927,0.3294406228694374,0.19720377941795175,-0.02339780512163825,0.7289953521751432,0.6080427589883752
R16N04,Summer,14-6-33,0.4884245032105153,0.323122797567261,0.4727315606702004,0.3095274861558425,-0.01569294254031489,0.36499802920406565,0.22324011577192174,-0.12342647400644963,0.7211224119269378,0.6571729033539053
R16N08,Summer,14-6-52,0.5077896455876053,0.3402936081571721,0.3670694125438013,0.224791804012654,-0.140720233043804,0.30377468371519006,0.17908863925224164,-0.20401496187241525,0.6902946954935051,0.5906427854205456
R16N13,Summer,14-7-25,0.46134834549901493,0.29983937182760667,0.3898019121796037,0.24208320403274733,-0.07154643331941124,0.4487093016464094,0.28924901191389335,-0.012639043852605558,0.7150357092316589,0.757984055211992
R16N15,Summer,14-7-43,0.3004262805805247,0.176765666121764,0.29786994889575286,0.1749983491266593,-0.0025563316847718176,0.302624807039365,0.1782898727054585,0.002198526458840333,0.7596830986021267,0.7293655750990735
R16N19,Summer,14-8-12,0.497258512184576,0.3309009009611801,0.41316788489924827,0.2603727773148345,-0.08409062728532773,0.3830294769476328,0.23688092734549482,-0.11422903523694322,0.746523780012996,0.6891748003687145
R16N20,Summer,14-8-17,0.29140688538279974,0.17055370465091593,0.34217718063412794,0.2064015386217184,0.0507702952513282,0.3128976631198848,0.185464542564115,0.021490777737085076,0.6873056764818644,0.728258372778598
R17N05,Summer,14-10-43,0.2982071986247292,0.17523120231803527,0.30292463445990303,0.1784980447286738,0.004717435835173811,0.3418511603445265,0.20616433954017344,0.043643961719797286,0.7551591465654443,0.7074715778114917
R17N07,Summer,14-10-52,0.24620526394330836,0.14038431005713958,0.3467155592497493,0.20971319317707737,0.10051029530644093,0.317628314594422,0.18879794363872027,0.07142305065111362,0.7319124805192613,0.7321755825232492
R17N08,Summer,14-10-55,0.23848354798007984,0.13538536513153696,0.23085593056879558,0.1304901814472725,-0.00762761741128426,0.33388490535430015,0.20039726335610994,0.09540135737422031,0.724878658286084,0.6897427754983558
R17N15,Summer,14-11-39,0.41046223831624445,0.25822742199661414,0.4758211411084188,0.31218195841849017,0.06535890279217432,0.50442814455287,0.33728111608390027,0.09396590623662554,0.7194158706962062,0.6925999482042743
R17N22,Summer,14-12-4,0.3199670985454817,0.19045287644304748,0.2982494291998342,0.1752603668024241,-0.021717669345647506,0.2839237057610941,0.1654493490526866,-0.03604339278438762,0.7453532389202776,0.6704734307891732
R17N23,Summer,14-12-6,0.13487698993235334,0.0723153321638489,0.19401655001947699,0.10742986048869098,0.05913956008712365,0.21066666671242512,0.1177347243492688,0.07578967678007179,0.7015187997915577,0.6487724758104784
R18N08,Summer,14-14-30,0.4205476714357687,0.26626170595914433,0.37618444391303857,0.2316669787660446,-0.04436322752273014,0.35809791900281,0.21809943673658463,-0.062449752432958694,0.7261787819365513,0.6058314017483701
R18N10,Summer,14-14-39,0.4356047815603698,0.27844931796939654,0.427557276571606,0.27190642319776276,-0.008047504988763776,0.4485863394248675,0.28914682838317707,0.012981557864497673,0.7550334142189149,0.6341332378387298
R18N16,Summer,14-15-5,0.5231801144523456,0.3542612877946156,0.4137038036464147,0.2607985851805456,-0.1094763108059309,0.37447127486349674,0.2303689065065633,-0.14870883958884884,0.762003994106017,0.7132378322526218
R18N22,Summer,14-15-38,0.40136861955161174,0.251070149449544,0.34239592187508217,0.20656073814113196,-0.05897269767652957,0.3365613221608257,0.20232866212073283,-0.06480729739078606,0.7563463385740133,0.6463985859634822
R18N25,Summer,14-15-50,0.3875725504003023,0.24036588470903988,0.4210470873579982,0.26666221900949616,0.033474536957695866,0.45537420167829173,0.29481198760992283,0.06780165127798943,0.7473697342808928,0.6651839178928493
R19N04,Summer,14-18-14,0.3315012251287,0.19868233059226206,0.3822562979565379,0.23628977663158882,0.05075507282783792,0.360124406648108,0.21960471157119818,0.028623181519408014,0.7226579210170323,0.6521890807756764
R19N08,Summer,14-19-25,0.4172701950266525,0.26363956359876456,0.37183357400106093,0.22837565504003418,-0.045436621025591595,0.31393141849209594,0.18619136966707756,-0.10333877653455659,0.7306645938723929,0.7248487140825998
R20N06,Summer,14-22-5,0.4192550760105382,0.26522626750040607,0.3899371069537656,0.2421875000548186,-0.029317969056772586,0.4205541915456241,0.26626693320998834,0.0012991155350859374,0.7451372477847147,0.6749019965505104
